,Date,Visiting Team,Visiting League,Home Team,Home League,Visiting Score,Home Score,V Start Pitcher ID,H Start Pitcher ID,Home Winner,V NetRuns,H NetRuns,V NP Avg,H NP Avg
12,20100405,LAN,NL,PIT,NL,5,11,padiv001,dukez001,True,-6,6,,
34,20100407,LAN,NL,PIT,NL,3,4,kersc001,ohler001,True,-1,1,,
45,20100408,LAN,NL,PIT,NL,10,2,billc001,mahop002,False,8,-8,,
57,20100409,LAN,NL,MIA,NL,7,3,kuroh001,volsc001,False,4,-4,,
72,20100410,LAN,NL,MIA,NL,6,7,padiv001,johnj009,True,-1,1,,
87,20100411,LAN,NL,MIA,NL,5,6,haegc001,sanca004,True,-1,1,,
202,20100420,LAN,NL,CIN,NL,9,11,billc001,bailh001,True,-2,2,,
217,20100421,LAN,NL,CIN,NL,14,6,kuroh001,haraa001,False,8,-8,,
229,20100422,LAN,NL,CIN,NL,5,8,padiv001,leakm001,True,-3,3,,
247,20100423,LAN,NL,WAS,NL,1,5,haegc001,atill001,True,-4,4,,0.4
263,20100424,LAN,NL,WAS,NL,4,3,kersc001,stamc001,False,1,-1,0.2,0.7
278,20100425,LAN,NL,WAS,NL,0,1,billc001,olses001,True,-1,1,0.9,0.7
301,20100427,LAN,NL,NYN,NL,0,4,kuroh001,santj003,True,-4,4,0.9,1.2
302,20100427,LAN,NL,NYN,NL,5,10,haegc001,pereo002,True,-5,5,-0.3,1.8
317,20100428,LAN,NL,NYN,NL,3,7,ely-j001,mainj001,True,-4,4,-1.2,2.5
473,20100510,LAN,NL,ARI,NL,7,3,billc001,loper001,False,4,-4,-1.5,-2.5
485,20100511,LAN,NL,ARI,NL,13,3,ely-j001,hared001,False,10,-10,-1.0,-3.3
500,20100512,LAN,NL,ARI,NL,6,3,kuroh001,jacke001,False,3,-3,0.2,-3.8
528,20100514,LAN,NL,SDN,NL,4,3,ortir002,garlj001,False,1,-1,-0.3,1.9
544,20100515,LAN,NL,SDN,NL,4,1,kersc001,corrk001,False,3,-3,0.1,1.5
559,20100516,LAN,NL,SDN,NL,1,0,billc001,leblw001,False,1,-1,0.8,1.1
676,20100525,LAN,NL,CHN,NL,0,3,kersc001,dempr002,True,-3,3,0.8,0.8
691,20100526,LAN,NL,CHN,NL,8,5,billc001,gorzt001,False,3,-3,0.6,0.0
703,20100527,LAN,NL,CHN,NL,0,1,ely-j001,lillt001,True,-1,1,1.3,0.3
721,20100528,LAN,NL,COL,NL,5,4,monac001,franj003,False,1,-1,1.7,0.5
736,20100529,LAN,NL,COL,NL,3,11,kuroh001,cooka002,True,-8,8,2.2,1.7
751,20100530,LAN,NL,COL,NL,4,3,kersc001,chacj001,False,1,-1,1.0,1.5
962,20100615,LAN,NL,CIN,NL,12,0,kuroh001,haraa001,False,12,-12,0.1,-0.3
977,20100616,LAN,NL,CIN,NL,6,2,kersc001,leakm001,False,4,-4,1.0,-1.7
991,20100617,LAN,NL,CIN,NL,1,7,ely-j001,arrob001,True,-6,6,1.3,-0.9
994,20100618,LAN,NL,BOS,AL,6,10,monac001,doubf001,True,-4,4,0.4,3.6
1009,20100619,LAN,NL,BOS,AL,4,5,padiv001,waket001,True,-1,1,-0.1,3.2
1024,20100620,LAN,NL,BOS,AL,0,2,kuroh001,buchc001,True,-2,2,0.1,3.2
1042,20100622,LAN,NL,ANA,AL,3,6,kersc001,sante001,True,-3,3,-0.4,-0.8
1057,20100623,LAN,NL,ANA,AL,1,2,ely-j001,pinej001,True,-1,1,-0.6,-0.1
1072,20100624,LAN,NL,ANA,AL,10,6,haegc001,kazms001,False,4,-4,-0.8,-1.0
1138,20100628,LAN,NL,SFN,NL,4,2,billc001,zitob001,False,2,-2,0.4,1.0
1153,20100629,LAN,NL,SFN,NL,4,2,ely-j001,cainm001,False,2,-2,0.5,0.4
1168,20100630,LAN,NL,SFN,NL,8,2,padiv001,sancj002,False,6,-6,-0.5,-0.3
1188,20100702,LAN,NL,ARI,NL,5,12,kuroh001,jacke001,True,-7,7,-0.3,0.5
1203,20100703,LAN,NL,ARI,NL,14,1,kersc001,loper001,False,13,-13,-0.4,-0.6
1218,20100704,LAN,NL,ARI,NL,3,1,billc001,hared001,False,2,-2,1.3,-0.9
1330,20100715,LAN,NL,SLN,NL,1,7,kersc001,carpc002,True,-6,6,1.6,1.4
1345,20100716,LAN,NL,SLN,NL,4,8,billc001,garcj004,True,-4,4,1.2,1.7
1361,20100717,LAN,NL,SLN,NL,0,2,kuroh001,waina001,True,-2,2,1.1,2.0
1376,20100718,LAN,NL,SLN,NL,4,5,padiv001,suppj001,True,-1,1,1.0,2.0
1499,20100727,LAN,NL,SDN,NL,2,0,billc001,garlj001,False,2,-2,0.5,2.3
1514,20100728,LAN,NL,SDN,NL,1,6,kuroh001,richc002,True,-5,5,0.5,3.1
1525,20100729,LAN,NL,SDN,NL,2,3,padiv001,latom001,True,-1,1,-0.2,2.2
1540,20100730,LAN,NL,SFN,NL,5,6,monac001,linct001,True,-1,1,-0.9,-0.2
1555,20100731,LAN,NL,SFN,NL,1,2,billc001,zitob001,True,-1,1,-0.3,0.5
1570,20100801,LAN,NL,SFN,NL,0,2,kersc001,cainm001,True,-2,2,-1.7,0.5
1688,20100810,LAN,NL,PHI,NL,15,9,padiv001,kendk001,False,6,-6,-2.1,1.7
1703,20100811,LAN,NL,PHI,NL,0,2,billc001,oswar001,True,-2,2,-0.9,1.1
1713,20100812,LAN,NL,PHI,NL,9,10,kersc001,blanj001,True,-1,1,-0.7,1.1
1724,20100813,LAN,NL,ATL,NL,0,1,kuroh001,hudst001,True,-1,1,-0.6,2.0
1739,20100814,LAN,NL,ATL,NL,2,1,lillt001,lowed001,False,1,-1,-0.6,2.1
1754,20100815,LAN,NL,ATL,NL,1,13,padiv001,jurrj001,True,-12,12,-0.7,2.5
1766,20100816,LAN,NL,ATL,NL,3,4,billc001,hanst001,True,-1,1,-1.4,2.3
1875,20100824,LAN,NL,MIL,NL,5,3,lillt001,bushd001,False,2,-2,-1.4,0.1
1891,20100825,LAN,NL,MIL,NL,5,4,kuroh001,wolfr001,False,1,-1,-1.1,-0.3
1902,20100826,LAN,NL,MIL,NL,7,1,monac001,gally001,False,6,-6,-0.9,-1.4
1916,20100827,LAN,NL,COL,NL,6,2,kersc001,jimeu001,False,4,-4,-0.1,-0.1
1931,20100828,LAN,NL,COL,NL,3,5,billc001,chacj001,True,-2,2,-0.3,0.0
1946,20100829,LAN,NL,COL,NL,5,10,lillt001,hammj002,True,-5,5,-0.3,1.5
2060,20100906,LAN,NL,SDN,NL,2,4,padiv001,staut001,True,-2,2,-0.7,-0.8
2075,20100907,LAN,NL,SDN,NL,1,2,kersc001,latom001,True,-1,1,-0.8,-1.2
2090,20100908,LAN,NL,SDN,NL,0,4,billc001,luebc001,True,-4,4,-1.0,-1.4
2096,20100909,LAN,NL,HOU,NL,2,3,lillt001,norrb001,True,-1,1,-0.2,1.6
2108,20100910,LAN,NL,HOU,NL,4,2,kuroh001,happj001,False,2,-2,-0.2,1.3
2123,20100911,LAN,NL,HOU,NL,6,3,ely-j001,rodrw002,False,3,-3,-0.2,0.4
2138,20100912,LAN,NL,HOU,NL,4,7,monac001,figun001,True,-3,3,0.0,0.9
2167,20100914,LAN,NL,SFN,NL,1,0,kersc001,zitob001,False,1,-1,-0.9,0.9
2182,20100915,LAN,NL,SFN,NL,1,2,billc001,cainm001,True,-1,1,-1.2,0.1
2188,20100916,LAN,NL,SFN,NL,2,10,lillt001,sancj002,True,-8,8,-1.1,-0.2
2292,20100924,LAN,NL,ARI,NL,3,1,kersc001,enrib001,False,2,-2,-1.4,0.1
2307,20100925,LAN,NL,ARI,NL,2,5,ely-j001,hudsd001,True,-3,3,-1.0,0.3
2322,20100926,LAN,NL,ARI,NL,4,5,billc001,saunj001,True,-1,1,-1.2,0.5
2338,20100927,LAN,NL,COL,NL,3,1,lillt001,jimeu001,False,2,-2,-0.9,0.8
2350,20100928,LAN,NL,COL,NL,9,7,kuroh001,franj003,False,2,-2,-0.6,-0.3
2366,20100929,LAN,NL,COL,NL,7,6,monac001,chacj001,False,1,-1,-0.6,-0.5
2484,20110405,LAN,NL,COL,NL,0,3,kersc001,chacj001,True,-3,3,-0.8,0.0
2498,20110406,LAN,NL,COL,NL,5,7,billc001,hammj002,True,-2,2,-0.8,-0.1
2526,20110408,LAN,NL,SDN,NL,4,2,lillt001,richc002,False,2,-2,-1.1,-1.4
2540,20110409,LAN,NL,SDN,NL,4,0,kuroh001,mosed001,False,4,-4,-0.8,-1.9
2556,20110410,LAN,NL,SDN,NL,2,7,ely-j001,haraa001,True,-5,5,0.4,-1.5
2569,20110411,LAN,NL,SFN,NL,6,1,kersc001,bumgm001,False,5,-5,-0.3,-0.2
2579,20110412,LAN,NL,SFN,NL,4,5,billc001,linct001,True,-1,1,0.5,-0.3
2593,20110413,LAN,NL,SFN,NL,3,4,lillt001,sancj002,True,-1,1,0.5,-0.4
2708,20110422,LAN,NL,CHN,NL,12,2,billc001,colec001,False,10,-10,0.2,-0.9
2720,20110423,LAN,NL,CHN,NL,8,10,lillt001,dempr002,True,-2,2,1.0,-0.4
2735,20110424,LAN,NL,CHN,NL,7,3,kuroh001,zambc001,False,4,-4,0.7,-1.0
2752,20110425,LAN,NL,MIA,NL,4,5,garlj001,nolar001,True,-1,1,1.4,2.3
2761,20110426,LAN,NL,MIA,NL,2,4,kersc001,volsc001,True,-2,2,1.5,2.4
2774,20110427,LAN,NL,MIA,NL,5,4,billc001,sanca004,False,1,-1,1.1,2.0
2896,20110506,LAN,NL,NYN,NL,3,6,kuroh001,niesj001,True,-3,3,0.8,1.4
2911,20110507,LAN,NL,NYN,NL,2,4,garlj001,gee-d001,True,-2,2,1.0,2.1
2926,20110508,LAN,NL,NYN,NL,4,2,kersc001,dickr001,False,2,-2,0.3,2.0
2943,20110509,LAN,NL,PIT,NL,1,4,billc001,karsj001,True,-3,3,0.6,1.0
2954,20110510,LAN,NL,PIT,NL,10,3,lillt001,corrk001,False,7,-7,0.4,-0.2
2968,20110511,LAN,NL,PIT,NL,2,0,kuroh001,mahop002,False,2,-2,0.1,-0.1
3090,20110520,LAN,NL,CHA,AL,6,4,lillt001,humbp001,False,2,-2,0.5,-0.2
3105,20110521,LAN,NL,CHA,AL,2,9,garlj001,buehm001,True,-7,7,0.3,0.9
3120,20110522,LAN,NL,CHA,AL,3,8,kuroh001,jacke001,True,-5,5,-0.3,1.6
3125,20110523,LAN,NL,HOU,NL,3,4,kersc001,norrb001,True,-1,1,-0.6,-0.7
3138,20110524,LAN,NL,HOU,NL,5,4,billc001,happj001,False,1,-1,-0.8,-0.3
3153,20110525,LAN,NL,HOU,NL,1,2,lillt001,rodra002,True,-1,1,-0.4,-0.3
3271,20110603,LAN,NL,CIN,NL,1,2,kuroh001,arrob001,True,-1,1,-0.3,0.5
3286,20110604,LAN,NL,CIN,NL,11,8,kersc001,cuetj001,False,3,-3,-0.6,-0.2
3301,20110605,LAN,NL,CIN,NL,9,6,billc001,woodt004,False,3,-3,0.0,-0.7
3317,20110606,LAN,NL,PHI,NL,1,3,lillt001,lee-c003,True,-2,2,-0.4,0.9
3330,20110607,LAN,NL,PHI,NL,6,2,delar003,oswar001,False,4,-4,-0.8,0.4
3345,20110608,LAN,NL,PHI,NL,0,2,kuroh001,hamec001,True,-2,2,-0.6,1.2
3356,20110609,LAN,NL,COL,NL,7,9,kersc001,nicaj001,True,-2,2,-0.1,1.1
3369,20110610,LAN,NL,COL,NL,5,6,billc001,chacj001,True,-1,1,0.2,0.9
3384,20110611,LAN,NL,COL,NL,11,7,lillt001,hammj002,False,4,-4,0.2,0.3
3399,20110612,LAN,NL,COL,NL,10,8,delar003,jimeu001,False,2,-2,0.5,-0.7
3605,20110627,LAN,NL,MIN,AL,15,0,billc001,blacn001,False,15,-15,0.8,-0.1
3618,20110628,LAN,NL,MIN,AL,4,6,lillt001,duenb001,True,-2,2,2.4,0.0
3633,20110629,LAN,NL,MIN,AL,0,1,delar003,bakes002,True,-1,1,1.9,0.7
3655,20110701,LAN,NL,ANA,AL,5,0,kuroh001,chatt001,False,5,-5,1.5,-1.4
3671,20110702,LAN,NL,ANA,AL,1,7,kersc001,weavj003,True,-6,6,2.2,-0.4
3686,20110703,LAN,NL,ANA,AL,1,3,billc001,sante001,True,-2,2,1.2,0.1
3804,20110715,LAN,NL,ARI,NL,6,4,kersc001,saunj001,False,2,-2,1.2,-1.5
3819,20110716,LAN,NL,ARI,NL,2,3,kuroh001,kenni001,True,-1,1,1.6,-1.3
3835,20110717,LAN,NL,ARI,NL,1,4,lillt001,hudsd001,True,-3,3,1.6,-0.7
3856,20110718,LAN,NL,SFN,NL,0,5,billc001,voger001,True,-5,5,0.9,0.7
3869,20110719,LAN,NL,SFN,NL,3,5,delar003,bumgm001,True,-2,2,0.2,0.8
3884,20110720,LAN,NL,SFN,NL,1,0,kersc001,linct001,False,1,-1,-1.5,0.5
4048,20110801,LAN,NL,SDN,NL,6,2,kersc001,luebc001,False,4,-4,-1.2,-0.7
4059,20110802,LAN,NL,SDN,NL,1,0,kuroh001,latom001,False,1,-1,-0.7,-0.3
4073,20110803,LAN,NL,SDN,NL,0,3,lillt001,staut001,True,-3,3,-1.1,-0.8
4093,20110805,LAN,NL,ARI,NL,7,4,billc001,collj001,False,3,-3,-0.8,0.9
4108,20110806,LAN,NL,ARI,NL,5,3,eovan001,saunj001,False,2,-2,-0.3,0.6
4123,20110807,LAN,NL,ARI,NL,3,4,kersc001,kenni001,True,-1,1,-0.3,0.4
4233,20110815,LAN,NL,MIL,NL,0,3,lillt001,wolfr001,True,-3,3,-0.3,2.7
4244,20110816,LAN,NL,MIL,NL,1,2,billc001,gally001,True,-1,1,-0.3,2.4
4260,20110817,LAN,NL,MIL,NL,1,3,eovan001,greiz001,True,-2,2,0.1,2.2
4273,20110818,LAN,NL,MIL,NL,5,1,kersc001,estrm001,False,4,-4,0.1,1.7
4284,20110819,LAN,NL,COL,NL,8,2,kuroh001,hammj002,False,6,-6,0.4,0.4
4299,20110820,LAN,NL,COL,NL,6,7,lillt001,rogee002,True,-1,1,0.6,1.0
4314,20110821,LAN,NL,COL,NL,3,5,billc001,millk004,True,-2,2,0.4,1.4
4332,20110822,LAN,NL,SLN,NL,2,1,eovan001,carpc002,False,1,-1,0.5,1.2
4344,20110823,LAN,NL,SLN,NL,13,2,kersc001,lohsk001,False,11,-11,0.3,-0.6
4361,20110824,LAN,NL,SLN,NL,9,4,kuroh001,garcj004,False,5,-5,1.2,-1.9
4467,20110901,LAN,NL,PIT,NL,6,4,eveld001,lincb001,False,2,-2,1.8,-1.3
4474,20110902,LAN,NL,ATL,NL,8,6,billc001,beacb001,False,2,-2,2.3,0.6
4489,20110903,LAN,NL,ATL,NL,2,1,eovan001,minom001,False,1,-1,2.6,0.4
4504,20110904,LAN,NL,ATL,NL,3,4,kersc001,delgr001,True,-1,1,2.9,0.7
4526,20110905,LAN,NL,WAS,NL,2,7,kuroh001,lannj001,True,-5,5,2.4,-1.3
4542,20110906,LAN,NL,WAS,NL,7,3,lillt001,stras001,False,4,-4,1.3,-1.2
4568,20110908,LAN,NL,WAS,NL,7,4,billc001,wangc001,False,3,-3,1.8,-1.6
4578,20110909,LAN,NL,SFN,NL,2,1,kersc001,linct001,False,1,-1,2.3,-1.0
4593,20110910,LAN,NL,SFN,NL,3,0,eveld001,voger001,False,3,-3,2.3,-1.4
4608,20110911,LAN,NL,SFN,NL,1,8,kuroh001,bumgm001,True,-7,7,1.5,-0.8
4772,20110923,LAN,NL,SDN,NL,2,0,lillt001,leblw001,False,2,-2,0.3,-0.6
4787,20110924,LAN,NL,SDN,NL,0,3,billc001,haraa001,True,-3,3,0.3,0.0
4803,20110925,LAN,NL,SDN,NL,6,2,kersc001,luebc001,False,4,-4,-0.2,-0.3
4814,20110926,LAN,NL,ARI,NL,4,2,eveld001,hudsd001,False,2,-2,0.1,1.9
4829,20110927,LAN,NL,ARI,NL,6,7,kuroh001,parkj001,True,-1,1,0.4,1.9
4844,20110928,LAN,NL,ARI,NL,7,5,lillt001,saunj001,False,2,-2,0.8,1.6
4868,20120405,LAN,NL,SDN,NL,5,3,kersc001,volqe001,False,2,-2,0.6,0.0
4877,20120406,LAN,NL,SDN,NL,6,0,billc001,luebc001,False,6,-6,0.5,-0.8
4892,20120407,LAN,NL,SDN,NL,6,5,capuc001,mosed001,False,1,-1,1.0,-1.1
4906,20120408,LAN,NL,SDN,NL,4,8,haraa001,richc002,True,-4,4,0.8,-0.3
5020,20120417,LAN,NL,MIL,NL,4,5,billc001,gally001,True,-1,1,1.1,0.9
5035,20120418,LAN,NL,MIL,NL,2,3,capuc001,greiz001,True,-1,1,0.8,0.7
5047,20120419,LAN,NL,MIL,NL,4,3,haraa001,wolfr001,False,1,-1,1.0,0.4
5059,20120420,LAN,NL,HOU,NL,3,1,lillt001,happj001,False,2,-2,0.7,-1.3
5075,20120421,LAN,NL,HOU,NL,5,1,kersc001,weilk001,False,4,-4,0.7,-1.8
5089,20120422,LAN,NL,HOU,NL,0,12,billc001,rodrw002,True,-12,12,1.2,0.1
5192,20120430,LAN,NL,COL,NL,2,6,haraa001,nicaj001,True,-4,4,-0.2,0.9
5205,20120501,LAN,NL,COL,NL,7,6,lillt001,chacj001,False,1,-1,-0.8,0.7
5220,20120502,LAN,NL,COL,NL,5,8,kersc001,pomed001,True,-3,3,-1.3,0.9
5242,20120504,LAN,NL,CHN,NL,4,5,billc001,mahop002,True,-1,1,-1.7,0.2
5257,20120505,LAN,NL,CHN,NL,5,1,capuc001,volsc001,False,4,-4,-1.4,0.1
5272,20120506,LAN,NL,CHN,NL,3,4,haraa001,woodt004,True,-1,1,-0.9,0.3
5416,20120516,LAN,NL,SDN,NL,2,4,capuc001,richc002,True,-2,2,-0.9,-0.4
5431,20120517,LAN,NL,SDN,NL,8,1,haraa001,volqe001,False,7,-7,-1.2,-0.6
5484,20120521,LAN,NL,ARI,NL,6,1,capuc001,corbp001,False,5,-5,-0.7,-2.5
5499,20120522,LAN,NL,ARI,NL,8,7,haraa001,cahit001,False,1,-1,-0.6,-3.0
5514,20120523,LAN,NL,ARI,NL,4,11,lillt001,saunj001,True,-7,7,0.7,-2.0
5629,20120601,LAN,NL,COL,NL,3,13,capuc001,outmj001,True,-10,10,0.4,1.7
5643,20120602,LAN,NL,COL,NL,6,2,haraa001,nicaj001,False,4,-4,-0.7,0.8
5658,20120603,LAN,NL,COL,NL,2,3,eovan001,whita001,True,-1,1,0.0,1.1
5671,20120604,LAN,NL,PHI,NL,4,3,kersc001,worlv001,False,1,-1,0.0,-0.9
5685,20120605,LAN,NL,PHI,NL,2,1,billc001,lee-c003,False,1,-1,-0.3,-1.2
5700,20120606,LAN,NL,PHI,NL,6,5,capuc001,kendk001,False,1,-1,-0.1,-1.1
5712,20120607,LAN,NL,PHI,NL,8,3,haraa001,hamec001,False,5,-5,0.2,-1.2
5720,20120608,LAN,NL,SEA,AL,0,1,eovan001,millk004,True,-1,1,0.0,-0.4
5735,20120609,LAN,NL,SEA,AL,8,3,kersc001,vargj001,False,5,-5,-0.6,-0.7
5750,20120610,LAN,NL,SEA,AL,8,2,billc001,beavb001,False,6,-6,-0.2,-1.4
5865,20120619,LAN,NL,OAK,AL,0,3,haraa001,mccab001,True,-3,3,1.1,1.9
5880,20120620,LAN,NL,OAK,AL,1,4,eovan001,milot001,True,-3,3,1.8,2.9
5891,20120621,LAN,NL,OAK,AL,1,4,kersc001,blact001,True,-3,3,1.1,3.4
5895,20120622,LAN,NL,ANA,AL,5,8,billc001,hared001,True,-3,3,0.9,1.4
5909,20120623,LAN,NL,ANA,AL,3,1,capuc001,sante001,False,2,-2,0.5,1.4
5924,20120624,LAN,NL,ANA,AL,3,5,haraa001,richg002,True,-2,2,0.6,1.1
5952,20120625,LAN,NL,SFN,NL,0,8,eovan001,zitob001,True,-8,8,0.3,1.5
5967,20120626,LAN,NL,SFN,NL,0,2,kersc001,voger001,True,-2,2,-1.0,1.6
5982,20120627,LAN,NL,SFN,NL,0,3,billc001,linct001,True,-3,3,-1.1,1.7
6088,20120705,LAN,NL,ARI,NL,4,1,eovan001,milew001,False,3,-3,-1.9,0.8
6103,20120706,LAN,NL,ARI,NL,3,5,kersc001,collj001,True,-2,2,-2.2,0.4
6119,20120707,LAN,NL,ARI,NL,3,5,billc001,cahit001,True,-2,2,-2.1,0.9
6134,20120708,LAN,NL,ARI,NL,1,7,capuc001,bauet001,True,-6,6,-2.0,1.1
6249,20120720,LAN,NL,NYN,NL,7,6,haraa001,santj003,False,1,-1,-2.3,-0.3
6264,20120721,LAN,NL,NYN,NL,8,5,capuc001,batim001,False,3,-3,-1.9,-0.8
6280,20120722,LAN,NL,NYN,NL,8,3,eovan001,niesj001,False,5,-5,-1.8,-1.2
6298,20120723,LAN,NL,SLN,NL,5,3,billc001,kellj001,False,2,-2,-1.1,2.7
6313,20120724,LAN,NL,SLN,NL,2,8,kersc001,waina001,True,-6,6,-0.1,3.4
6328,20120725,LAN,NL,SLN,NL,2,3,haraa001,lohsk001,True,-1,1,-0.5,3.2
6336,20120726,LAN,NL,SLN,NL,4,7,capuc001,westj001,True,-3,3,-0.3,3.1
6351,20120727,LAN,NL,SFN,NL,5,3,fifes001,cainm001,False,2,-2,-0.9,0.4
6366,20120728,LAN,NL,SFN,NL,10,0,billc001,zitob001,False,10,-10,-0.5,-0.2
6381,20120729,LAN,NL,SFN,NL,4,0,kersc001,voger001,False,4,-4,0.7,-0.5
6541,20120810,LAN,NL,MIA,NL,5,2,kersc001,buehm001,False,3,-3,1.7,-1.2
6556,20120811,LAN,NL,MIA,NL,3,7,blanj001,nolar001,True,-4,4,1.9,-0.9
6571,20120812,LAN,NL,MIA,NL,5,0,capuc001,leblw001,False,5,-5,1.2,-1.0
6585,20120813,LAN,NL,PIT,NL,5,4,haraa001,karsj001,False,1,-1,1.2,-0.8
6599,20120814,LAN,NL,PIT,NL,11,0,billc001,corrk001,False,11,-11,1.1,-1.5
6614,20120815,LAN,NL,PIT,NL,9,3,kersc001,rodrw002,False,6,-6,2.8,-2.2
6626,20120816,LAN,NL,PIT,NL,6,10,blanj001,burna001,True,-4,4,3.5,-2.2
6635,20120817,LAN,NL,ATL,NL,3,4,capuc001,hanst001,True,-1,1,3.4,2.5
6650,20120818,LAN,NL,ATL,NL,6,2,haraa001,sheeb001,False,4,-4,3.1,2.3
6666,20120819,LAN,NL,ATL,NL,5,0,billc001,minom001,False,5,-5,2.5,1.3
6776,20120827,LAN,NL,COL,NL,0,10,beckj002,franj003,True,-10,10,2.6,0.7
6788,20120828,LAN,NL,COL,NL,4,8,capuc001,chatt001,True,-4,4,1.3,1.6
6803,20120829,LAN,NL,COL,NL,10,8,blanj001,pomed001,False,2,-2,1.3,1.9
6927,20120907,LAN,NL,SFN,NL,2,5,beckj002,linct001,True,-3,3,1.0,-0.4
6941,20120908,LAN,NL,SFN,NL,3,2,capuc001,cainm001,False,1,-1,0.6,-1.0
6957,20120909,LAN,NL,SFN,NL,0,4,blanj001,zitob001,True,-4,4,-0.4,-0.4
6977,20120911,LAN,NL,ARI,NL,0,1,kersc001,kenni001,True,-1,1,-1.4,-1.6
6992,20120912,LAN,NL,ARI,NL,2,3,haraa001,cahit001,True,-1,1,-1.1,-1.4
7087,20120919,LAN,NL,WAS,NL,1,3,haraa001,zimmj003,True,-2,2,-1.1,1.5
7088,20120919,LAN,NL,WAS,NL,7,6,beckj002,lannj001,False,1,-1,-1.7,1.5
7101,20120920,LAN,NL,WAS,NL,1,4,capuc001,detwr001,True,-3,3,-2.1,1.7
7109,20120921,LAN,NL,CIN,NL,3,1,blanj001,arrob001,False,2,-2,-1.4,-0.5
7124,20120922,LAN,NL,CIN,NL,0,6,fifes001,latom001,True,-6,6,-0.8,0.3
7140,20120923,LAN,NL,CIN,NL,5,3,kersc001,bailh001,False,2,-2,-1.6,0.0
7170,20120925,LAN,NL,SDN,NL,1,2,beckj002,volqe001,True,-1,1,-1.1,1.5
7185,20120926,LAN,NL,SDN,NL,8,2,haraa001,richc002,False,6,-6,-1.3,0.8
7197,20120927,LAN,NL,SDN,NL,8,4,capuc001,kellc001,False,4,-4,-0.3,0.7
7401,20130409,LAN,NL,SDN,NL,3,9,beckj002,richc002,True,-6,6,0.2,-0.4
7414,20130410,LAN,NL,SDN,NL,4,3,billc001,stule002,False,1,-1,-0.3,-0.2
7423,20130411,LAN,NL,SDN,NL,3,2,greiz001,marqj001,False,1,-1,0.0,-0.4
7432,20130412,LAN,NL,ARI,NL,0,3,kersc001,corbp001,True,-3,3,0.0,0.7
7447,20130413,LAN,NL,ARI,NL,7,5,ryu-h001,kenni001,False,2,-2,0.0,0.7
7461,20130414,LAN,NL,ARI,NL,0,1,beckj002,cahit001,True,-1,1,0.0,0.6
7527,20130420,LAN,NL,BAL,AL,5,7,ryu-h001,hammj002,True,-2,2,0.5,1.7
7528,20130420,LAN,NL,BAL,AL,1,6,beckj002,chenw001,True,-5,5,0.1,1.4
7543,20130421,LAN,NL,BAL,AL,7,4,fifes001,arrij001,False,3,-3,-0.3,1.0
7579,20130423,LAN,NL,NYN,NL,7,2,kersc001,niesj001,False,5,-5,-0.6,1.7
7593,20130424,LAN,NL,NYN,NL,3,7,lillt001,harvm001,True,-4,4,-0.5,1.2
7607,20130425,LAN,NL,NYN,NL,3,2,ryu-h001,hefnj001,False,1,-1,-0.3,0.7
7718,20130503,LAN,NL,SFN,NL,1,2,kersc001,zitob001,True,-1,1,-0.3,2.2
7732,20130504,LAN,NL,SFN,NL,9,10,magim001,voger001,True,-1,1,-0.5,2.1
7747,20130505,LAN,NL,SFN,NL,3,4,ryu-h001,cainm001,True,-1,1,-0.3,1.9
7898,20130517,LAN,NL,ATL,NL,5,8,ryu-h001,mahop002,True,-3,3,-0.6,1.6
7913,20130518,LAN,NL,ATL,NL,1,3,capuc001,medlk001,True,-2,2,-0.8,1.4
7927,20130519,LAN,NL,ATL,NL,2,5,magim001,minom001,True,-3,3,-0.8,1.4
7944,20130520,LAN,NL,MIL,NL,3,1,kersc001,gally001,False,2,-2,-0.6,-1.0
7958,20130521,LAN,NL,MIL,NL,2,5,greiz001,burgh001,True,-3,3,-0.7,-1.3
7973,20130522,LAN,NL,MIL,NL,9,2,ryu-h001,peraw001,False,7,-7,-1.5,-2.4
8057,20130529,LAN,NL,ANA,AL,3,4,capuc001,weavj003,True,-1,1,-0.4,1.5
8071,20130530,LAN,NL,ANA,AL,2,3,lillt001,vargj001,True,-1,1,-0.6,2.3
8095,20130531,LAN,NL,COL,NL,7,5,kersc001,garlj001,False,2,-2,-0.6,0.5
8109,20130601,LAN,NL,COL,NL,6,7,greiz001,chacj001,True,-1,1,-0.3,0.8
8125,20130602,LAN,NL,COL,NL,2,7,magim001,delaj001,True,-5,5,-0.3,1.2
8285,20130614,LAN,NL,PIT,NL,0,3,fifes001,lockj001,True,-3,3,-0.5,0.1
8300,20130615,LAN,NL,PIT,NL,5,3,kersc001,cumpb001,False,2,-2,-0.6,-0.3
8315,20130616,LAN,NL,PIT,NL,3,6,greiz001,coleg001,True,-3,3,-0.1,-0.2
8351,20130619,LAN,NL,NYA,AL,4,6,ryu-h001,kuroh001,True,-2,2,-0.6,-0.4
8352,20130619,LAN,NL,NYA,AL,6,0,capuc001,hughp001,False,6,-6,-0.5,-1.5
8369,20130620,LAN,NL,SDN,NL,3,6,fifes001,marqj001,True,-3,3,-0.6,1.2
8384,20130621,LAN,NL,SDN,NL,2,5,kersc001,richc002,True,-3,3,-0.8,1.4
8399,20130622,LAN,NL,SDN,NL,6,1,greiz001,volqe001,False,5,-5,-1.0,0.8
8414,20130623,LAN,NL,SDN,NL,3,1,capuc001,casha001,False,2,-2,-0.7,0.9
8525,20130702,LAN,NL,COL,NL,8,0,kersc001,oswar001,False,8,-8,-0.4,-0.6
8540,20130703,LAN,NL,COL,NL,10,8,greiz001,chatt001,False,2,-2,0.9,-0.4
8554,20130704,LAN,NL,COL,NL,5,9,capuc001,chacj001,True,-4,4,1.4,0.1
8570,20130705,LAN,NL,SFN,NL,10,2,ryu-h001,cainm001,False,8,-8,0.8,-1.8
8585,20130706,LAN,NL,SFN,NL,2,4,fifes001,bumgm001,True,-2,2,1.9,-1.7
8600,20130707,LAN,NL,SFN,NL,4,1,kersc001,gaudc001,False,3,-3,1.9,-1.6
8609,20130708,LAN,NL,ARI,NL,6,1,greiz001,delgr001,False,5,-5,1.6,2.2
8622,20130709,LAN,NL,ARI,NL,6,1,nolar001,kenni001,False,5,-5,2.4,1.8
8637,20130710,LAN,NL,ARI,NL,7,5,ryu-h001,skagt001,False,2,-2,3.2,1.5
8717,20130719,LAN,NL,WAS,NL,3,2,nolar001,stras001,False,1,-1,2.9,0.8
8732,20130720,LAN,NL,WAS,NL,3,1,greiz001,gonzg003,False,2,-2,2.8,0.5
8747,20130721,LAN,NL,WAS,NL,9,2,kersc001,zimmj003,False,7,-7,2.2,-0.1
8755,20130722,LAN,NL,TOR,AL,14,5,ryu-h001,johnj009,False,9,-9,2.7,-2.5
8769,20130723,LAN,NL,TOR,AL,10,9,capuc001,redmt002,False,1,-1,4.0,-2.5
8785,20130724,LAN,NL,TOR,AL,8,3,nolar001,rogee002,False,5,-5,3.3,-2.6
8900,20130801,LAN,NL,CHN,NL,6,4,nolar001,rusic001,False,2,-2,4.0,-1.5
8911,20130802,LAN,NL,CHN,NL,6,2,ryu-h001,woodt004,False,4,-4,3.9,-0.8
8926,20130803,LAN,NL,CHN,NL,3,0,capuc001,samaj001,False,3,-3,3.8,-1.4
8941,20130804,LAN,NL,CHN,NL,1,0,fifes001,villc001,False,1,-1,3.6,-1.4
8956,20130805,LAN,NL,SLN,NL,3,2,greiz001,waina001,False,1,-1,3.5,2.0
8971,20130806,LAN,NL,SLN,NL,1,5,kersc001,kellj001,True,-4,4,3.5,2.3
8986,20130807,LAN,NL,SLN,NL,13,4,nolar001,mills001,False,9,-9,2.9,1.0
8994,20130808,LAN,NL,SLN,NL,5,1,ryu-h001,martc006,False,4,-4,3.1,0.5
9105,20130816,LAN,NL,PHI,NL,4,0,greiz001,lee-c003,False,4,-4,2.6,-0.5
9120,20130817,LAN,NL,PHI,NL,5,0,kersc001,kendk001,False,5,-5,2.9,-1.4
9135,20130818,LAN,NL,PHI,NL,2,3,nolar001,hamec001,True,-1,1,2.9,-0.6
9145,20130819,LAN,NL,MIA,NL,2,6,ryu-h001,fernj003,True,-4,4,2.6,0.8
9160,20130820,LAN,NL,MIA,NL,6,4,capuc001,turnj002,False,2,-2,1.8,0.8
9175,20130821,LAN,NL,MIA,NL,4,1,greiz001,eovan001,False,3,-3,1.7,0.4
9186,20130822,LAN,NL,MIA,NL,6,0,kersc001,alvah001,False,6,-6,1.9,-0.5
9340,20130902,LAN,NL,COL,NL,10,8,kersc001,bettc001,False,2,-2,2.4,1.5
9355,20130903,LAN,NL,COL,NL,7,4,nolar001,chacj001,False,3,-3,3.0,0.0
9370,20130904,LAN,NL,COL,NL,5,7,volqe001,delaj001,True,-2,2,2.4,0.4
9390,20130906,LAN,NL,CIN,NL,2,3,capuc001,leakm001,True,-1,1,1.8,1.3
9405,20130907,LAN,NL,CIN,NL,3,4,greiz001,latom001,True,-1,1,1.3,1.1
9420,20130908,LAN,NL,CIN,NL,2,3,kersc001,bailh001,True,-1,1,0.7,1.1
9530,20130916,LAN,NL,ARI,NL,1,2,ryu-h001,cahit001,True,-1,1,0.7,-0.2
9543,20130917,LAN,NL,ARI,NL,9,3,greiz001,corbp001,False,6,-6,1.0,-0.7
9559,20130918,LAN,NL,ARI,NL,4,9,fifes001,mccab001,True,-5,5,1.4,-0.3
9572,20130919,LAN,NL,ARI,NL,7,6,nolar001,milew001,False,1,-1,0.6,0.2
9591,20130920,LAN,NL,SDN,NL,0,2,volqe001,erlir001,True,-2,2,0.1,0.5
9606,20130921,LAN,NL,SDN,NL,4,0,kersc001,smitb005,False,4,-4,-0.3,-0.1
9620,20130922,LAN,NL,SDN,NL,1,0,greiz001,casha001,False,1,-1,-0.2,-0.1
9648,20130924,LAN,NL,SFN,NL,2,1,ryu-h001,cainm001,False,1,-1,0.1,0.8
9663,20130925,LAN,NL,SFN,NL,4,6,nolar001,zitob001,True,-2,2,0.3,0.7
9673,20130926,LAN,NL,SFN,NL,2,3,volqe001,linct001,True,-1,1,0.2,0.4
9720,20140322,LAN,NL,ARI,NL,3,1,kersc001,milew001,False,2,-2,0.2,0.5
9721,20140323,LAN,NL,ARI,NL,7,5,ryu-h001,cahit001,False,2,-2,0.5,-0.4
9722,20140330,LAN,NL,SDN,NL,1,3,ryu-h001,casha001,True,-2,2,0.1,1.6
9743,20140401,LAN,NL,SDN,NL,3,2,greiz001,kenni001,False,1,-1,0.4,1.4
9759,20140402,LAN,NL,SDN,NL,5,1,hared001,rosst001,False,4,-4,0.4,0.7
9867,20140411,LAN,NL,ARI,NL,6,0,ryu-h001,mccab001,False,6,-6,1.0,-2.0
9882,20140412,LAN,NL,ARI,NL,8,5,greiz001,milew001,False,3,-3,1.2,-1.9
9897,20140413,LAN,NL,ARI,NL,8,6,hared001,cahit001,False,2,-2,1.4,-1.9
9924,20140415,LAN,NL,SFN,NL,2,3,beckj002,linct001,True,-1,1,1.5,0.0
9939,20140416,LAN,NL,SFN,NL,1,2,mahop002,voger001,True,-1,1,1.6,-0.3
9950,20140417,LAN,NL,SFN,NL,2,1,ryu-h001,bumgm001,False,1,-1,1.6,0.2
10118,20140430,LAN,NL,MIN,AL,6,4,greiz001,gibsk002,False,2,-2,1.5,1.2
10130,20140501,LAN,NL,MIN,AL,9,4,hared001,pelfm001,False,5,-5,1.5,1.2
10131,20140501,LAN,NL,MIN,AL,4,3,pattr002,johnk004,False,1,-1,2.2,0.2
10147,20140502,LAN,NL,MIA,NL,3,6,beckj002,koeht001,True,-3,3,2.2,3.0
10162,20140503,LAN,NL,MIA,NL,9,7,mahop002,turnj002,False,2,-2,1.5,3.5
10177,20140504,LAN,NL,MIA,NL,4,5,fifes001,fernj003,True,-1,1,1.1,2.7
10193,20140505,LAN,NL,WAS,NL,0,4,greiz001,zimmj003,True,-4,4,0.7,0.9
10208,20140506,LAN,NL,WAS,NL,8,3,kersc001,treib001,False,5,-5,0.1,0.5
10224,20140507,LAN,NL,WAS,NL,2,3,hared001,stras001,True,-1,1,0.7,0.5
10334,20140516,LAN,NL,ARI,NL,7,0,greiz001,milew001,False,7,-7,0.7,-1.5
10349,20140517,LAN,NL,ARI,NL,7,18,kersc001,andec001,True,-11,11,1.3,-0.5
10365,20140518,LAN,NL,ARI,NL,3,5,hared001,collj001,True,-2,2,0.0,-0.2
10387,20140520,LAN,NL,NYN,NL,9,4,beckj002,montr004,False,5,-5,-0.7,-0.4
10402,20140521,LAN,NL,NYN,NL,4,3,ryu-h001,degrj001,False,1,-1,-0.3,-0.8
10416,20140522,LAN,NL,NYN,NL,3,5,greiz001,niesj001,True,-2,2,0.1,-0.7
10430,20140523,LAN,NL,PHI,NL,2,0,kersc001,carmf001,False,2,-2,-0.3,0.9
10445,20140524,LAN,NL,PHI,NL,3,5,hared001,buchd001,True,-2,2,0.0,0.6
10461,20140525,LAN,NL,PHI,NL,6,0,beckj002,burna001,False,6,-6,0.2,-0.1
10624,20140606,LAN,NL,COL,NL,7,2,ryu-h001,butle001,False,5,-5,0.3,-2.4
10639,20140607,LAN,NL,COL,NL,4,5,greiz001,chacj001,True,-1,1,0.9,-2.5
10654,20140608,LAN,NL,COL,NL,6,1,kersc001,delaj001,False,5,-5,0.1,-2.7
10665,20140609,LAN,NL,CIN,NL,6,2,hared001,cingt001,False,4,-4,1.7,-1.4
10677,20140610,LAN,NL,CIN,NL,6,1,beckj002,leakm001,False,5,-5,2.3,-2.1
10692,20140611,LAN,NL,CIN,NL,0,5,ryu-h001,cuetj001,True,-5,5,2.3,-1.3
10703,20140612,LAN,NL,CIN,NL,1,4,greiz001,simoa001,True,-3,3,1.7,-0.6
10818,20140620,LAN,NL,SDN,NL,5,6,hared001,kenni001,True,-1,1,1.6,-1.4
10833,20140621,LAN,NL,SDN,NL,4,2,beckj002,rosst001,False,2,-2,1.3,-1.7
10848,20140622,LAN,NL,SDN,NL,2,1,ryu-h001,stule002,False,1,-1,1.7,-1.1
10852,20140623,LAN,NL,KCA,AL,3,5,greiz001,guthj001,True,-2,2,1.2,0.9
10864,20140624,LAN,NL,KCA,AL,2,0,kersc001,duffd001,False,2,-2,0.5,0.6
10879,20140625,LAN,NL,KCA,AL,5,4,hared001,shiej002,False,1,-1,0.8,0.7
10994,20140703,LAN,NL,COL,NL,3,2,greiz001,moraf001,False,1,-1,0.4,-0.6
11006,20140704,LAN,NL,COL,NL,9,0,kersc001,jurrj001,False,9,-9,0.1,-1.2
11022,20140705,LAN,NL,COL,NL,7,8,hared001,delaj001,True,-1,1,0.5,-1.7
11037,20140706,LAN,NL,COL,NL,8,2,beckj002,flany001,False,6,-6,0.9,-3.0
11060,20140708,LAN,NL,DET,AL,5,14,ryu-h001,verlj001,True,-9,9,1.8,1.4
11076,20140709,LAN,NL,DET,AL,1,4,greiz001,schem001,True,-3,3,1.0,1.8
11157,20140718,LAN,NL,SLN,NL,2,3,hared001,lynnl001,True,-1,1,0.5,0.0
11173,20140719,LAN,NL,SLN,NL,2,4,greiz001,kellj001,True,-2,2,0.3,-0.1
11188,20140720,LAN,NL,SLN,NL,4,3,kersc001,martc006,False,1,-1,0.3,-0.4
11201,20140721,LAN,NL,PIT,NL,5,2,ryu-h001,volqe001,False,3,-3,0.2,1.0
11215,20140722,LAN,NL,PIT,NL,7,12,beckj002,worlv001,True,-5,5,0.4,1.4
11230,20140723,LAN,NL,PIT,NL,1,6,hared001,lirif001,True,-5,5,-0.2,1.5
11257,20140725,LAN,NL,SFN,NL,8,1,greiz001,linct001,False,7,-7,-1.6,-0.8
11272,20140726,LAN,NL,SFN,NL,5,0,kersc001,voger001,False,5,-5,-0.8,-0.9
11287,20140727,LAN,NL,SFN,NL,4,3,ryu-h001,peavj001,False,1,-1,-0.9,-1.5
11406,20140806,LAN,NL,ANA,AL,2,1,hared001,shoem001,False,1,-1,0.1,0.0
11421,20140807,LAN,NL,ANA,AL,7,0,ryu-h001,wilsc004,False,7,-7,0.5,-0.6
11446,20140808,LAN,NL,MIL,NL,3,9,carmf001,lohsk001,True,-6,6,1.3,1.9
11461,20140809,LAN,NL,MIL,NL,1,4,greiz001,fierm001,True,-3,3,0.9,2.1
11476,20140810,LAN,NL,MIL,NL,5,1,kersc001,nelsj004,False,4,-4,0.5,1.3
11484,20140811,LAN,NL,ATL,NL,6,2,corrk001,tehej001,False,4,-4,0.6,0.6
11495,20140812,LAN,NL,ATL,NL,4,2,hared001,minom001,False,2,-2,1.5,-0.1
11512,20140813,LAN,NL,ATL,NL,2,3,ryu-h001,sante001,True,-1,1,2.2,0.1
11523,20140814,LAN,NL,ATL,NL,6,4,carmf001,haraa001,False,2,-2,1.4,0.2
11684,20140826,LAN,NL,ARI,NL,9,5,carmf001,cahit001,False,4,-4,1.1,-0.5
11699,20140827,LAN,NL,ARI,NL,3,1,kersc001,milew001,False,2,-2,1.4,0.3
11727,20140829,LAN,NL,SDN,NL,2,3,hared001,casha001,True,-1,1,1.5,1.3
11743,20140830,LAN,NL,SDN,NL,1,2,greiz001,kenni001,True,-1,1,0.7,0.5
11759,20140831,LAN,NL,SDN,NL,7,1,ryu-h001,stule002,False,6,-6,1.2,-0.2
11922,20140912,LAN,NL,SFN,NL,0,9,ryu-h001,bumgm001,True,-9,9,2.1,5.3
11938,20140913,LAN,NL,SFN,NL,17,0,greiz001,hudst001,False,17,-17,0.8,3.3
11953,20140914,LAN,NL,SFN,NL,4,2,kersc001,petiy001,False,2,-2,2.1,2.9
11964,20140915,LAN,NL,COL,NL,11,3,carmf001,bergc001,False,8,-8,2.1,0.1
11977,20140916,LAN,NL,COL,NL,4,10,hared001,matzt001,True,-6,6,3.0,1.5
11992,20140917,LAN,NL,COL,NL,2,16,friac001,delaj001,True,-14,14,2.2,2.8
12001,20140918,LAN,NL,CHN,NL,8,4,greiz001,wadat001,False,4,-4,0.4,0.5
12016,20140919,LAN,NL,CHN,NL,14,5,kersc001,jacke001,False,9,-9,0.6,-0.6
12031,20140920,LAN,NL,CHN,NL,7,8,carmf001,doubf001,True,-1,1,1.6,-1.1
12046,20140921,LAN,NL,CHN,NL,8,5,wrigj001,turnj002,False,3,-3,1.6,-1.8
12203,20150410,LAN,NL,ARI,NL,3,4,andeb004,andec001,True,-1,1,1.3,0.0
12218,20150411,LAN,NL,ARI,NL,0,6,kersc001,brada001,True,-6,6,2.1,0.2
12233,20150412,LAN,NL,ARI,NL,7,4,greiz001,collj001,False,3,-3,-0.2,0.0
12356,20150421,LAN,NL,SFN,NL,2,6,andeb004,linct001,True,-4,4,-0.1,-0.6
12371,20150422,LAN,NL,SFN,NL,2,3,kersc001,bumgm001,True,-1,1,-1.3,-0.7
12383,20150423,LAN,NL,SFN,NL,2,3,bolsm001,voger001,True,-1,1,-0.8,-1.2
12399,20150424,LAN,NL,SDN,NL,3,0,greiz001,casha001,False,3,-3,0.5,0.8
12412,20150425,LAN,NL,SDN,NL,11,8,mccab001,kenni001,False,3,-3,0.4,0.6
12426,20150426,LAN,NL,SDN,NL,1,3,bakes002,morrb001,True,-2,2,-0.2,0.7
12528,20150504,LAN,NL,MIL,NL,3,4,kersc001,lohsk001,True,-1,1,-0.3,-1.3
12540,20150505,LAN,NL,MIL,NL,8,2,greiz001,garzm001,False,6,-6,-0.7,-2.5
12556,20150506,LAN,NL,MIL,NL,3,6,wielj001,peraw001,True,-3,3,0.0,-1.4
12569,20150507,LAN,NL,MIL,NL,14,4,friac001,fierm001,False,10,-10,0.3,-1.9
12581,20150508,LAN,NL,COL,NL,2,1,andeb004,butle001,False,1,-1,1.0,-2.1
12611,20150510,LAN,NL,COL,NL,9,5,kersc001,delaj001,False,4,-4,1.5,-2.4
12733,20150519,LAN,NL,SFN,NL,0,2,friac001,hudst001,True,-2,2,2.0,0.6
12748,20150520,LAN,NL,SFN,NL,0,4,andeb004,linct001,True,-4,4,1.9,0.9
12761,20150521,LAN,NL,SFN,NL,0,4,kersc001,bumgm001,True,-4,4,1.2,0.8
12875,20150529,LAN,NL,SLN,NL,0,3,bolsm001,lackj001,True,-3,3,0.5,0.7
12889,20150530,LAN,NL,SLN,NL,5,1,friac001,wachm001,False,4,-4,0.4,0.0
12904,20150531,LAN,NL,SLN,NL,1,3,andeb004,martc006,True,-2,2,0.9,0.3
12909,20150601,LAN,NL,COL,NL,11,4,kersc001,kendk001,False,7,-7,0.1,-0.3
12922,20150602,LAN,NL,COL,NL,3,6,nicaj001,delaj001,True,-3,3,1.1,0.4
12923,20150602,LAN,NL,COL,NL,9,8,greiz001,haled001,False,1,-1,-0.2,0.4
12940,20150603,LAN,NL,COL,NL,6,7,bolsm001,bettc001,True,-1,1,-0.2,0.4
13061,20150612,LAN,NL,SDN,NL,4,3,kersc001,despo001,False,1,-1,-0.7,-0.2
13076,20150613,LAN,NL,SDN,NL,1,2,greiz001,kenni001,True,-1,1,-0.4,0.0
13091,20150614,LAN,NL,SDN,NL,4,2,bolsm001,shiej002,False,2,-2,-0.1,0.1
13099,20150615,LAN,NL,TEX,AL,1,4,friac001,gally001,True,-3,3,0.5,2.9
13113,20150616,LAN,NL,TEX,AL,2,3,andeb004,gonzc002,True,-1,1,0.5,2.7
13202,20150622,LAN,NL,CHN,NL,2,4,kersc001,wadat001,True,-2,2,0.0,-0.5
13211,20150623,LAN,NL,CHN,NL,0,1,greiz001,hammj002,True,-1,1,0.0,-0.5
13226,20150624,LAN,NL,CHN,NL,5,2,bolsm001,hendk001,False,3,-3,-0.8,-0.5
13237,20150625,LAN,NL,CHN,NL,4,0,friac001,lestj001,False,4,-4,-0.2,-0.5
13251,20150626,LAN,NL,MIA,NL,7,1,andeb004,nicoj001,False,6,-6,0.1,0.5
13264,20150627,LAN,NL,MIA,NL,2,3,kersc001,koeht001,True,-1,1,0.8,0.0
13279,20150628,LAN,NL,MIA,NL,2,0,greiz001,urenj001,False,2,-2,0.6,-0.6
13294,20150629,LAN,NL,ARI,NL,6,10,bolsm001,websa001,True,-4,4,0.9,-0.2
13304,20150630,LAN,NL,ARI,NL,6,4,friac001,delar003,False,2,-2,0.3,0.0
13319,20150701,LAN,NL,ARI,NL,4,3,andeb004,ray-r002,False,1,-1,0.8,-0.6
13495,20150717,LAN,NL,WAS,NL,3,5,bolsm001,zimmj003,True,-2,2,1.0,2.2
13510,20150718,LAN,NL,WAS,NL,4,2,kersc001,fistd001,False,2,-2,1.0,1.3
13523,20150719,LAN,NL,WAS,NL,5,0,greiz001,schem001,False,5,-5,1.3,0.6
13529,20150720,LAN,NL,ATL,NL,5,7,beacb001,wislm001,True,-2,2,1.5,-0.3
13543,20150721,LAN,NL,ATL,NL,3,4,andeb004,wooda002,True,-1,1,0.9,0.3
13558,20150722,LAN,NL,ATL,NL,3,1,bolsm001,tehej001,False,2,-2,0.2,-0.2
13573,20150723,LAN,NL,NYN,NL,3,0,kersc001,colob001,False,3,-3,0.5,0.2
13587,20150724,LAN,NL,NYN,NL,7,2,thomi001,niesj001,False,5,-5,0.6,-0.4
13602,20150725,LAN,NL,NYN,NL,2,15,lee-z001,harvm001,True,-13,13,1.5,0.8
13617,20150726,LAN,NL,NYN,NL,2,3,greiz001,degrj001,True,-1,1,0.0,0.4
13741,20150804,LAN,NL,PHI,NL,2,6,wooda002,willj003,True,-4,4,-0.2,2.4
13756,20150805,LAN,NL,PHI,NL,4,3,andeb004,haraa001,False,1,-1,-0.4,2.1
13767,20150806,LAN,NL,PHI,NL,10,8,greiz001,buchd001,False,2,-2,-0.5,1.8
13781,20150807,LAN,NL,PIT,NL,4,5,kersc001,coleg001,True,-1,1,-0.8,0.5
13796,20150808,LAN,NL,PIT,NL,5,6,latom001,lirif001,True,-1,1,-0.7,0.3
13811,20150809,LAN,NL,PIT,NL,6,13,wooda002,mortc002,True,-7,7,-0.7,0.9
13920,20150818,LAN,NL,OAK,AL,4,5,kersc001,doubf001,True,-1,1,-1.6,0.3
13935,20150819,LAN,NL,OAK,AL,2,5,wooda002,chavj001,True,-3,3,-2.0,0.2
13960,20150821,LAN,NL,HOU,AL,0,3,andeb004,fierm001,True,-3,3,-2.8,1.0
13975,20150822,LAN,NL,HOU,AL,1,3,greiz001,kazms001,True,-2,2,-1.8,0.5
13990,20150823,LAN,NL,HOU,AL,2,3,kersc001,mccul002,True,-1,1,-1.9,0.3
14021,20150825,LAN,NL,CIN,NL,5,1,wooda002,lambj002,False,4,-4,-1.6,-1.6
14036,20150826,LAN,NL,CIN,NL,7,4,andeb004,holmd002,False,3,-3,-1.3,-1.8
14047,20150827,LAN,NL,CIN,NL,1,0,greiz001,desca001,False,1,-1,-1.2,-1.6
14144,20150903,LAN,NL,SDN,NL,7,10,latom001,rea-c001,True,-3,3,-1.0,2.6
14157,20150904,LAN,NL,SDN,NL,8,4,bolsm001,shiej002,False,4,-4,-1.2,2.0
14173,20150905,LAN,NL,SDN,NL,2,0,wooda002,rosst001,False,2,-2,-0.1,0.9
14188,20150906,LAN,NL,SDN,NL,5,1,andeb004,casha001,False,4,-4,0.2,0.4
14191,20150907,LAN,NL,ANA,AL,7,5,greiz001,tropn001,False,2,-2,0.9,-2.2
14206,20150908,LAN,NL,ANA,AL,6,4,kersc001,heana001,False,2,-2,1.4,-2.6
14221,20150909,LAN,NL,ANA,AL,2,3,wielj001,richg002,True,-1,1,1.8,-2.6
14249,20150911,LAN,NL,ARI,NL,4,12,wooda002,ray-r002,True,-8,8,1.8,-0.4
14265,20150912,LAN,NL,ARI,NL,9,5,bolsm001,delar003,False,4,-4,0.6,0.0
14281,20150913,LAN,NL,ARI,NL,4,3,greiz001,corbp001,False,1,-1,0.7,0.1
14447,20150925,LAN,NL,COL,NL,4,7,bolsm001,haled001,True,-3,3,0.7,-1.5
14462,20150926,LAN,NL,COL,NL,6,8,andeb004,kendk001,True,-2,2,0.7,-0.9
14477,20150927,LAN,NL,COL,NL,5,12,wooda002,rusic001,True,-7,7,0.1,0.1
14490,20150928,LAN,NL,SFN,NL,2,3,greiz001,peavj001,True,-1,1,-0.8,2.3
14503,20150929,LAN,NL,SFN,NL,8,0,kersc001,bumgm001,False,8,-8,-1.3,0.7
14521,20150930,LAN,NL,SFN,NL,0,5,bolsm001,leakm001,True,-5,5,-0.7,0.4
14533,20151001,LAN,NL,SFN,NL,3,2,andeb004,hudst001,False,1,-1,-1.4,-0.4
14591,20160404,LAN,NL,SDN,NL,15,0,kersc001,rosst001,False,15,-15,-1.2,-2.1
14603,20160405,LAN,NL,SDN,NL,3,0,kazms001,shiej002,False,3,-3,1.1,-2.2
14616,20160406,LAN,NL,SDN,NL,7,0,maedk001,casha001,False,7,-7,1.0,-3.0
14623,20160407,LAN,NL,SFN,NL,6,12,wooda002,peavj001,True,-6,6,1.6,-0.8
14638,20160408,LAN,NL,SFN,NL,2,3,strir001,cainm001,True,-1,1,1.3,-0.1
14651,20160409,LAN,NL,SFN,NL,3,2,kersc001,bumgm001,False,1,-1,1.4,-0.6
14663,20160410,LAN,NL,SFN,NL,6,9,kazms001,cuetj001,True,-3,3,2.2,-0.4
14775,20160419,LAN,NL,ATL,NL,1,8,wooda002,perew001,True,-7,7,2.0,-0.5
14789,20160420,LAN,NL,ATL,NL,5,3,strir001,tehej001,False,2,-2,0.5,-0.4
14804,20160421,LAN,NL,ATL,NL,2,1,kersc001,wislm001,False,1,-1,1.2,-0.9
14820,20160422,LAN,NL,COL,NL,5,7,kazms001,grayj003,True,-2,2,1.2,0.1
14835,20160423,LAN,NL,COL,NL,4,1,maedk001,chatt001,False,3,-3,-0.5,-0.5
14850,20160424,LAN,NL,COL,NL,12,10,wooda002,lylej001,False,2,-2,-0.5,-0.9
14964,20160503,LAN,NL,TBA,AL,10,5,kazms001,moorm003,False,5,-5,-1.0,-0.6
14979,20160504,LAN,NL,TBA,AL,5,8,wooda002,smyld001,True,-3,3,0.1,-0.2
15005,20160506,LAN,NL,TOR,AL,2,5,maedk001,strom001,True,-3,3,-0.1,0.9
15021,20160507,LAN,NL,TOR,AL,6,2,kersc001,dickr001,False,4,-4,-0.5,-0.1
15036,20160508,LAN,NL,TOR,AL,4,2,strir001,estrm001,False,2,-2,0.2,-0.6
15162,20160518,LAN,NL,ANA,AL,1,8,bolsm001,tropn001,True,-7,7,1.1,0.0
15178,20160519,LAN,NL,ANA,AL,4,7,strir001,chacj001,True,-3,3,0.2,-0.2
15201,20160520,LAN,NL,SDN,NL,6,7,kazms001,friec001,True,-1,1,-0.2,-0.5
15216,20160521,LAN,NL,SDN,NL,2,3,wooda002,vargc002,True,-1,1,-0.1,-0.7
15230,20160522,LAN,NL,SDN,NL,9,5,maedk001,rea-c001,False,4,-4,-0.5,-0.9
15295,20160527,LAN,NL,NYN,NL,5,6,uriaj001,degrj001,True,-1,1,-0.3,0.1
15310,20160528,LAN,NL,NYN,NL,9,1,maedk001,syndn001,False,8,-8,-0.9,-1.0
15325,20160529,LAN,NL,NYN,NL,4,2,kersc001,colob001,False,2,-2,0.2,-0.9
15336,20160530,LAN,NL,CHN,NL,0,2,wooda002,hammj002,True,-2,2,0.7,2.1
15351,20160531,LAN,NL,CHN,NL,5,0,kazms001,arrij001,False,5,-5,0.1,1.5
15365,20160601,LAN,NL,CHN,NL,1,2,bolsm001,lestj001,True,-1,1,0.4,1.9
15378,20160602,LAN,NL,CHN,NL,2,7,uriaj001,hendk001,True,-5,5,1.0,2.5
15490,20160610,LAN,NL,SFN,NL,3,2,kersc001,cuetj001,False,1,-1,0.8,0.3
15505,20160611,LAN,NL,SFN,NL,4,5,kazms001,samaj001,True,-1,1,1.0,0.3
15520,20160612,LAN,NL,SFN,NL,1,2,uriaj001,peavj001,True,-1,1,1.0,1.1
15527,20160613,LAN,NL,ARI,NL,2,3,bolsm001,greiz001,True,-1,1,0.5,0.2
15539,20160614,LAN,NL,ARI,NL,7,4,maedk001,brada001,False,3,-3,0.5,-0.4
15553,20160615,LAN,NL,ARI,NL,3,2,kersc001,corbp001,False,1,-1,0.0,0.0
15679,20160624,LAN,NL,PIT,NL,6,8,tepen001,tailj001,True,-2,2,-0.1,-2.5
15695,20160625,LAN,NL,PIT,NL,1,6,maedk001,lockj001,True,-5,5,-0.1,-2.2
15710,20160626,LAN,NL,PIT,NL,3,4,kersc001,kuhlc001,True,-1,1,-1.1,-2.0
15720,20160627,LAN,NL,PIT,NL,5,4,kazms001,lirif001,False,1,-1,-1.1,-1.5
15734,20160628,LAN,NL,MIL,NL,6,5,uriaj001,andec001,False,1,-1,-0.5,0.7
15749,20160629,LAN,NL,MIL,NL,0,7,stewb001,guerj003,True,-7,7,-0.5,1.3
15760,20160630,LAN,NL,MIL,NL,8,1,maedk001,daviz001,False,7,-7,-1.1,0.2
15917,20160715,LAN,NL,ARI,NL,13,7,norrb001,corbp001,False,6,-6,-0.3,-2.7
15932,20160716,LAN,NL,ARI,NL,1,2,mccab001,brada001,True,-1,1,0.4,-1.8
15947,20160717,LAN,NL,ARI,NL,5,6,maedk001,ray-r002,True,-1,1,0.0,-1.6
15979,20160719,LAN,NL,WAS,NL,8,4,kazms001,loper003,False,4,-4,-0.2,1.1
15995,20160720,LAN,NL,WAS,NL,1,8,norrb001,gonzg003,True,-7,7,0.4,1.7
16004,20160721,LAN,NL,WAS,NL,6,3,uriaj001,stras001,False,3,-3,0.2,1.9
16018,20160722,LAN,NL,SLN,NL,3,4,mccab001,wachm001,True,-1,1,0.6,1.6
16033,20160723,LAN,NL,SLN,NL,7,2,maedk001,leakm001,False,5,-5,0.4,1.3
16048,20160724,LAN,NL,SLN,NL,9,6,kazms001,mayem001,False,3,-3,0.8,0.6
16164,20160802,LAN,NL,COL,NL,3,7,mccab001,grayj003,True,-4,4,1.8,0.2
16180,20160803,LAN,NL,COL,NL,2,12,stewb001,andet002,True,-10,10,0.7,0.7
16193,20160804,LAN,NL,COL,NL,4,2,maedk001,chatt001,False,2,-2,-0.9,1.2
16358,20160816,LAN,NL,PHI,NL,15,5,maedk001,velav001,False,10,-10,-0.6,-0.1
16373,20160817,LAN,NL,PHI,NL,7,2,kazms001,thomj007,False,5,-5,0.5,-0.5
16383,20160818,LAN,NL,PHI,NL,4,5,strir001,eickj001,True,-1,1,0.6,-0.7
16395,20160819,LAN,NL,CIN,NL,2,9,norrb001,adlet001,True,-7,7,1.2,2.1
16410,20160820,LAN,NL,CIN,NL,1,11,andeb004,finnb001,True,-10,10,0.2,2.6
16425,20160821,LAN,NL,CIN,NL,4,0,uriaj001,desca001,False,4,-4,-0.7,2.3
16436,20160822,LAN,NL,CIN,NL,18,9,kazms001,bailh001,False,9,-9,-0.8,1.2
16535,20160829,LAN,NL,COL,NL,1,8,maedk001,grayj003,True,-7,7,-0.2,0.7
16563,20160831,LAN,NL,COL,NL,0,7,strir001,andet002,True,-7,7,-0.5,1.7
16564,20160831,LAN,NL,COL,NL,10,8,norrb001,hoffj003,False,2,-2,-0.2,1.6
16680,20160909,LAN,NL,MIA,NL,1,4,kersc001,fernj003,True,-3,3,-0.2,0.1
16695,20160910,LAN,NL,MIA,NL,5,0,hillr001,koeht001,False,5,-5,-1.5,-0.3
16710,20160911,LAN,NL,MIA,NL,0,3,maedk001,urenj001,True,-3,3,-1.5,-0.3
16721,20160912,LAN,NL,NYA,AL,8,2,delej003,mitcb001,False,6,-6,-1.7,0.7
16736,20160913,LAN,NL,NYA,AL,0,3,uriaj001,sabac001,True,-3,3,-0.4,0.2
16751,20160914,LAN,NL,NYA,AL,2,0,kersc001,pinem001,False,2,-2,0.3,0.5
16766,20160915,LAN,NL,ARI,NL,3,7,hillr001,brada001,True,-4,4,0.1,0.5
16777,20160916,LAN,NL,ARI,NL,3,2,maedk001,greiz001,False,1,-1,-1.2,0.3
16792,20160917,LAN,NL,ARI,NL,6,2,stewb001,mills001,False,4,-4,-0.4,1.2
16808,20160918,LAN,NL,ARI,NL,9,10,delej003,ray-r002,True,-1,1,0.7,0.4
16932,20160927,LAN,NL,SDN,NL,1,7,maedk001,clemp002,True,-6,6,0.4,1.3
16947,20160928,LAN,NL,SDN,NL,5,6,delej003,perdl002,True,-1,1,0.1,1.1
16958,20160929,LAN,NL,SDN,NL,9,4,uriaj001,friec001,False,5,-5,-0.5,0.7
16974,20160930,LAN,NL,SFN,NL,3,9,hillr001,bumgm001,True,-6,6,0.3,2.0
16989,20161001,LAN,NL,SFN,NL,0,3,kersc001,blact002,True,-3,3,-0.9,2.5
17004,20161002,LAN,NL,SFN,NL,1,7,maedk001,moorm003,True,-6,6,-0.9,3.3
17056,20170407,LAN,NL,COL,NL,1,2,ryu-h001,freek001,True,-1,1,-1.7,1.6
17071,20170408,LAN,NL,COL,NL,2,4,kersc001,grayj003,True,-2,2,-1.4,1.7
17086,20170409,LAN,NL,COL,NL,10,6,maedk001,andet002,False,4,-4,-1.7,0.5
17100,20170410,LAN,NL,CHN,NL,2,3,wooda002,lestj001,True,-1,1,-1.7,0.8
17122,20170412,LAN,NL,CHN,NL,2,0,mccab001,lackj001,False,2,-2,-1.7,0.5
17137,20170413,LAN,NL,CHN,NL,0,4,ryu-h001,andeb004,True,-4,4,-0.9,1.7
17242,20170421,LAN,NL,ARI,NL,5,13,wooda002,walkt004,True,-8,8,-1.2,3.2
17257,20170422,LAN,NL,ARI,NL,5,11,maedk001,ray-r002,True,-6,6,-2.5,3.4
17272,20170423,LAN,NL,ARI,NL,6,2,mccab001,mills001,False,4,-4,-2.5,2.9
17291,20170424,LAN,NL,SFN,NL,1,2,ryu-h001,cainm001,True,-1,1,-1.8,1.4
17300,20170425,LAN,NL,SFN,NL,2,1,kersc001,blact002,False,1,-1,-1.3,1.0
17314,20170426,LAN,NL,SFN,NL,3,4,wooda002,cuetj001,True,-1,1,-1.1,0.5
17326,20170427,LAN,NL,SFN,NL,5,1,uriaj001,moorm003,False,4,-4,-1.0,-0.2
17434,20170505,LAN,NL,SDN,NL,8,2,maedk001,chacj001,False,6,-6,-1.0,-2.1
17449,20170506,LAN,NL,SDN,NL,10,2,kersc001,richc002,False,8,-8,-0.3,-2.0
17510,20170511,LAN,NL,COL,NL,7,10,ryu-h001,hoffj003,True,-3,3,0.3,-0.8
17520,20170512,LAN,NL,COL,NL,6,2,kersc001,chatt001,False,4,-4,0.4,-0.9
17534,20170513,LAN,NL,COL,NL,4,0,wooda002,andet002,False,4,-4,1.6,-0.6
17548,20170514,LAN,NL,COL,NL,6,9,uriaj001,senza001,True,-3,3,2.6,0.8
17567,20170515,LAN,NL,SFN,NL,4,8,mccab001,cainm001,True,-4,4,1.9,-0.2
17577,20170516,LAN,NL,SFN,NL,1,2,hillr001,blact002,True,-1,1,1.6,-0.2
17593,20170517,LAN,NL,SFN,NL,6,1,kersc001,cuetj001,False,5,-5,1.4,-0.3
17758,20170529,LAN,NL,SLN,NL,5,1,hillr001,leakm001,False,4,-4,2.0,-0.1
17773,20170530,LAN,NL,SLN,NL,9,4,maedk001,wachm001,False,5,-5,2.0,-0.5
17787,20170531,LAN,NL,SLN,NL,1,2,ryu-h001,martc006,True,-1,1,1.9,-0.3
17799,20170601,LAN,NL,SLN,NL,0,2,mccab001,waina001,True,-2,2,1.0,-0.3
17808,20170602,LAN,NL,MIL,NL,2,1,kersc001,nelsj004,False,1,-1,1.1,0.9
17823,20170603,LAN,NL,MIL,NL,10,8,hillr001,garzm001,False,2,-2,0.8,0.4
17838,20170604,LAN,NL,MIL,NL,0,3,maedk001,daviz001,True,-3,3,0.6,0.0
17966,20170613,LAN,NL,CLE,AL,7,5,kersc001,bauet001,False,2,-2,0.6,2.1
17981,20170614,LAN,NL,CLE,AL,6,4,mccab001,klubc001,False,2,-2,1.2,2.2
17992,20170615,LAN,NL,CLE,AL,5,12,hillr001,tomlj001,True,-7,7,1.5,2.0
17997,20170616,LAN,NL,CIN,NL,3,1,wooda002,adlet001,False,2,-2,0.3,1.5
18012,20170617,LAN,NL,CIN,NL,10,2,ryu-h001,wojca001,False,8,-8,0.1,0.3
18028,20170618,LAN,NL,CIN,NL,8,7,maedk001,arrob001,False,1,-1,0.4,0.3
18170,20170628,LAN,NL,ANA,AL,2,3,ryu-h001,meyea001,True,-1,1,0.6,0.4
18184,20170629,LAN,NL,ANA,AL,6,2,kersc001,ramij002,False,4,-4,0.7,-0.5
18196,20170630,LAN,NL,SDN,NL,10,4,wooda002,richc002,False,6,-6,1.0,1.5
18210,20170701,LAN,NL,SDN,NL,8,0,hillr001,overd001,False,8,-8,1.4,0.1
18227,20170702,LAN,NL,SDN,NL,3,5,maedk001,chacj001,True,-2,2,2.5,-0.1
18335,20170714,LAN,NL,MIA,NL,6,4,mccab001,strad003,False,2,-2,2.1,-2.6
18350,20170715,LAN,NL,MIA,NL,7,1,wooda002,urenj001,False,6,-6,2.1,-2.3
18365,20170716,LAN,NL,MIA,NL,3,2,hillr001,ograc001,False,1,-1,3.4,-2.5
18402,20170718,LAN,NL,CHA,AL,1,0,kersc001,gonzm003,False,1,-1,3.3,-1.6
18417,20170719,LAN,NL,CHA,AL,9,1,maedk001,rodoc001,False,8,-8,2.6,-2.5
18581,20170801,LAN,NL,ATL,NL,3,2,maedk001,simsl001,False,1,-1,3.3,-2.7
18596,20170802,LAN,NL,ATL,NL,3,5,stewb001,tehej001,True,-2,2,3.5,-1.8
18610,20170803,LAN,NL,ATL,NL,7,4,wooda002,newcs001,False,3,-3,2.9,-0.9
18627,20170804,LAN,NL,NYN,NL,6,0,darvy001,degrj001,False,6,-6,2.6,-1.0
18642,20170805,LAN,NL,NYN,NL,7,4,hillr001,lugos001,False,3,-3,2.4,-1.9
18656,20170806,LAN,NL,NYN,NL,8,0,ryu-h001,matzs001,False,8,-8,2.9,-1.8
18675,20170808,LAN,NL,ARI,NL,3,6,maedk001,godlz001,True,-3,3,3.5,0.4
18690,20170809,LAN,NL,ARI,NL,3,2,wooda002,greiz001,False,1,-1,2.6,0.0
18705,20170810,LAN,NL,ARI,NL,8,6,darvy001,banda001,False,2,-2,2.6,0.5
18822,20170818,LAN,NL,DET,AL,8,5,hillr001,zimmj003,False,3,-3,2.7,-0.2
18837,20170819,LAN,NL,DET,AL,3,0,ryu-h001,fulmm001,False,3,-3,2.2,0.9
18852,20170820,LAN,NL,DET,AL,1,6,maedk001,verlj001,True,-5,5,2.4,1.5
18860,20170821,LAN,NL,PIT,NL,6,5,wooda002,coleg001,False,1,-1,2.1,0.7
18872,20170822,LAN,NL,PIT,NL,8,5,stewb001,tailj001,False,3,-3,1.9,0.0
18887,20170823,LAN,NL,PIT,NL,0,1,hillr001,willt002,True,-1,1,1.6,0.4
18901,20170824,LAN,NL,PIT,NL,5,2,ryu-h001,kuhlc001,False,3,-3,1.2,0.0
18966,20170829,LAN,NL,ARI,NL,6,7,hillr001,godlz001,True,-1,1,0.7,0.3
18979,20170830,LAN,NL,ARI,NL,4,6,ryu-h001,ray-r002,True,-2,2,0.9,0.7
18996,20170831,LAN,NL,ARI,NL,1,8,maedk001,greiz001,True,-7,7,0.6,1.9
19011,20170901,LAN,NL,SDN,NL,1,0,kersc001,lamed001,False,1,-1,-0.3,0.3
19026,20170902,LAN,NL,SDN,NL,5,6,stewb001,richc002,True,-1,1,-0.5,0.0
19027,20170902,LAN,NL,SDN,NL,2,7,darvy001,lylej001,True,-5,5,-0.9,0.2
19043,20170903,LAN,NL,SDN,NL,4,6,wooda002,chacj001,True,-2,2,-0.9,0.5
19154,20170911,LAN,NL,SFN,NL,6,8,maedk001,strac001,True,-2,2,-1.2,-1.2
19164,20170912,LAN,NL,SFN,NL,5,3,kersc001,cuetj001,False,2,-2,-1.7,-1.1
19179,20170913,LAN,NL,SFN,NL,4,1,darvy001,moorm003,False,3,-3,-1.4,-1.1
19209,20170915,LAN,NL,WAS,NL,7,0,wooda002,jacke001,False,7,-7,-1.4,-0.7
19224,20170916,LAN,NL,WAS,NL,3,2,hillr001,colea002,False,1,-1,-0.6,-1.3
19239,20170917,LAN,NL,WAS,NL,1,7,ryu-h001,stras001,True,-6,6,-0.3,-1.1
19248,20170918,LAN,NL,PHI,NL,3,4,kersc001,piven001,True,-1,1,-0.2,0.8
19257,20170919,LAN,NL,PHI,NL,2,6,darvy001,nolaa001,True,-4,4,-0.4,0.7
19272,20170920,LAN,NL,PHI,NL,5,7,wooda002,thomj007,True,-2,2,-0.7,1.7
19287,20170921,LAN,NL,PHI,NL,5,4,maedk001,leitm002,False,1,-1,-0.4,1.9
19393,20170929,LAN,NL,COL,NL,1,9,ryu-h001,bettc001,True,-8,8,-0.1,3.5
19408,20170930,LAN,NL,COL,NL,5,3,kersc001,marqg001,False,2,-2,-0.7,3.2
19423,20171001,LAN,NL,COL,NL,6,3,strir001,freek001,False,3,-3,-0.7,2.6
